Poster Email,Topic Title,Post Content,Post Created
takanaka@capcom.com,"Drive impact is overpowered, how do we rebalance it?","There are too many hits of armor.",2021-10-29 11:22:23
yoshiono@capcom.com,"Drive impact is overpowered, how do we rebalance it?","I think it is fine. I like it.",2021-10-30 19:15:11
yusuke@capcom.com,"Drive impact is overpowered, how do we rebalance it?","Same here.",2021-10-31 14:35:31
takanaka@capcom.com,"Launch date is 2 June 2023, get ready!","We will make lots of money.",2022-11-12 14:12:43
theterayama@capcom.com,"Launch date is 2 June 2023, get ready!","Lets go!",2022-11-12 16:32:53
tsuchiya@capcom.com,"New year's cohesion dinner","Let's have a good meal together.",2023-01-01 00:00:00
yoshiono@capcom.com,"New year's cohesion dinner","See you there!",2023-01-01 00:13:34
yoshiono@capcom.com,"I've been fired. Goodbye!","No one likes me.",2021-05-06 07:08:34
takanaka@capcom.com,"New character idea: Ballet dancer","Let's call her MANon.",2022-06-22 04:19:33
theterayama@capcom.com,"New character idea: Ballet dancer","Sick idea bro.",2022-06-23 06:28:53
yusuke@capcom.com,"New character idea: Female roman warrior","Let's all her Marisa.",2022-06-24 03:23:13
tsuchiya@capcom.com,"New character idea: Female roman warrior","Why give her a girly name?",2022-06-21 01:21:32
theterayama@capcom.com,"New BGM compositions","Check it out.",2021-04-22 11:11:12
takanaka@capcom.com,"New BGM compositions","Nobody cares.",2021-04-23 13:28:31
yusuke@capcom.com,"Should we bring parry back?","Is it too overpowered?",2021-06-07 05:45:45
yoshiono@capcom.com,"Should we bring parry back?","I think it's fine.",2021-06-08 01:23:15
theterayama@capcom.com,"More new BGM compositions","Please care guys.",2021-02-28 02:03:34
takanaka@capcom.com,"More new BGM compositions","Nobody cares.",2021-03-02 01:15:33
yoshiono@capcom.com,"More new BGM compositions","I care.",2021-03-02 04:12:14
yoshiono@capcom.com,"Blanka doll giveaway","Before I leave.",2020-12-06 08:18:24
yoshiono@capcom.com,"Blanka doll giveaway","Don't ignore me.",2020-12-09 12:38:11
yoshiono@capcom.com,"Blanka doll giveaway","I'm gonna cry.",2020-12-12 23:48:41
tsuchiya@capcom.com,"What do you guys think of having a Drive Gauge?","Will it be fun?",2023-01-01 03:19:45
yusuke@capcom.com,"What do you guys think of having a Drive Gauge?","Yes I think it will be.",2023-01-02 17:34:23
theterayama@capcom.com,"What do you guys think of having a Drive Gauge?","I think so too.",2023-01-04 20:13:33