First Name,Last Name,Username,Password Hash,Email,Topic Title,Topic Created Date,Topic Category
Takayuki,Nakayama,takanaka,dzm6mw185bgibmj3,takanaka@capcom.com,"Drive impact is overpowered, how do we rebalance it?",2021-10-29 11:22:23,Mechanics & Balancing
Takayuki,Nakayama,takanaka,dzm6mw185bgibmj3,takanaka@capcom.com,"Launch date is 2 June 2023, get ready!",2022-11-12 14:12:43,General
Kazuhiro,Tsuchiya,tsuchiya,ivni4d6q0ddomzhr,tsuchiya@capcom.com,"New year's cohesion dinner",2023-01-01 00:00:00,General
Yoshinori,Ono,theoneono,3vpdn1kxarb25dn9,yoshiono@capcom.com,"I've been fired. Goodbye!",2021-05-06 07:08:34,General
Takayuki,Nakayama,takanaka,dzm6mw185bgibmj3,takanaka@capcom.com,"New character idea: Ballet dancer",2022-06-22 04:19:33,New Features
Yusuke,Hashimoto,yusuke,2z24frcnq41rvw4k,yusuke@capcom.com,"New character idea: Female roman warrior",2022-06-21 03:23:13,New Features
Yoshiya,Terayama,yoshitera,pxtknpr3kxqxxupb,theterayama@capcom.com,"New BGM compositions",2021-04-21 11:11:12,Asset Creation
Yusuke,Hashimoto,yusuke,2z24frcnq41rvw4k,yusuke@capcom.com,"Should we bring parry back?",2021-06-07 05:45:45,Mechanics & Balancing
Yoshiya,Terayama,yoshitera,pxtknpr3kxqxxupb,theterayama@capcom.com,"More new BGM compositions",2021-02-28 02:03:34,Asset Creation
Yoshinori,Ono,theoneono,3vpdn1kxarb25dn9,yoshiono@capcom.com,"Blanka doll giveaway",2020-12-06 08:18:24,General
Kazuhiro,Tsuchiya,tsuchiya,ivni4d6q0ddomzhr,tsuchiya@capcom.com,"What do you guys think of having a Drive Gauge?",2023-01-01 03:19:45,New Features
