{
    "Logins": {
        "daily_totals": [
            1,
            3,
            2,
            8,
            4
        ],
        "mean": 3.6,
        "std_dev": 2.42
    },
    "Time online": {
        "daily_totals": [
            142.12,
            142.9,
            176.05,
            137.88,
            154.17
        ],
        "mean": 150.62,
        "std_dev": 13.81
    },
    "Emails sent": {
        "daily_totals": [
            12,
            10,
            8,
            7,
            11
        ],
        "mean": 9.6,
        "std_dev": 1.85
    },
    "Emails opened": {
        "daily_totals": [
            17,
            16,
            10,
            14,
            15
        ],
        "mean": 14.4,
        "std_dev": 2.42
    },
    "Emails deleted": {
        "daily_totals": [
            5,
            7,
            8,
            10,
            5
        ],
        "mean": 7.0,
        "std_dev": 1.9
    }
}