[
    {
        "Logins": 4,
        "Time online": 157.14,
        "Emails sent": 4,
        "Emails opened": 7,
        "Emails deleted": 2
    },
    {
        "Logins": 8,
        "Time online": 180.55,
        "Emails sent": 10,
        "Emails opened": 8,
        "Emails deleted": 4
    },
    {
        "Logins": 5,
        "Time online": 187.93,
        "Emails sent": 9,
        "Emails opened": 11,
        "Emails deleted": 8
    },
    {
        "Logins": 4,
        "Time online": 175.17,
        "Emails sent": 8,
        "Emails opened": 9,
        "Emails deleted": 6
    },
    {
        "Logins": 3,
        "Time online": 186.62,
        "Emails sent": 6,
        "Emails opened": 10,
        "Emails deleted": 5
    },
    {
        "Logins": 6,
        "Time online": 200.91,
        "Emails sent": 3,
        "Emails opened": 11,
        "Emails deleted": 2
    },
    {
        "Logins": 5,
        "Time online": 167.13,
        "Emails sent": 7,
        "Emails opened": 6,
        "Emails deleted": 7
    },
    {
        "Logins": 4,
        "Time online": 190.72,
        "Emails sent": 9,
        "Emails opened": 9,
        "Emails deleted": 5
    },
    {
        "Logins": 2,
        "Time online": 151.41,
        "Emails sent": 12,
        "Emails opened": 10,
        "Emails deleted": 9
    },
    {
        "Logins": 5,
        "Time online": 144.75,
        "Emails sent": 4,
        "Emails opened": 14,
        "Emails deleted": 8
    },
    {
        "Logins": 7,
        "Time online": 139.47,
        "Emails sent": 9,
        "Emails opened": 11,
        "Emails deleted": 3
    },
    {
        "Logins": 6,
        "Time online": 172.63,
        "Emails sent": 10,
        "Emails opened": 7,
        "Emails deleted": 9
    },
    {
        "Logins": 7,
        "Time online": 134.03,
        "Emails sent": 5,
        "Emails opened": 6,
        "Emails deleted": 5
    },
    {
        "Logins": 6,
        "Time online": 159.64,
        "Emails sent": 7,
        "Emails opened": 6,
        "Emails deleted": 5
    },
    {
        "Logins": 6,
        "Time online": 135.08,
        "Emails sent": 10,
        "Emails opened": 12,
        "Emails deleted": 6
    },
    {
        "Logins": 4,
        "Time online": 137.22,
        "Emails sent": 3,
        "Emails opened": 10,
        "Emails deleted": 9
    },
    {
        "Logins": 5,
        "Time online": 148.13,
        "Emails sent": 11,
        "Emails opened": 9,
        "Emails deleted": 6
    },
    {
        "Logins": 4,
        "Time online": 144.56,
        "Emails sent": 7,
        "Emails opened": 11,
        "Emails deleted": 10
    },
    {
        "Logins": 5,
        "Time online": 148.65,
        "Emails sent": 13,
        "Emails opened": 13,
        "Emails deleted": 5
    },
    {
        "Logins": 3,
        "Time online": 157.69,
        "Emails sent": 9,
        "Emails opened": 8,
        "Emails deleted": 7
    },
    {
        "Logins": 3,
        "Time online": 153.38,
        "Emails sent": 12,
        "Emails opened": 15,
        "Emails deleted": 6
    },
    {
        "Logins": 3,
        "Time online": 148.4,
        "Emails sent": 13,
        "Emails opened": 7,
        "Emails deleted": 8
    },
    {
        "Logins": 3,
        "Time online": 157.31,
        "Emails sent": 12,
        "Emails opened": 11,
        "Emails deleted": 7
    },
    {
        "Logins": 5,
        "Time online": 210.76,
        "Emails sent": 10,
        "Emails opened": 14,
        "Emails deleted": 3
    },
    {
        "Logins": 2,
        "Time online": 157.29,
        "Emails sent": 4,
        "Emails opened": 11,
        "Emails deleted": 8
    },
    {
        "Logins": 6,
        "Time online": 133.43,
        "Emails sent": 14,
        "Emails opened": 10,
        "Emails deleted": 5
    },
    {
        "Logins": 7,
        "Time online": 165.67,
        "Emails sent": 13,
        "Emails opened": 6,
        "Emails deleted": 6
    },
    {
        "Logins": 6,
        "Time online": 174.96,
        "Emails sent": 10,
        "Emails opened": 13,
        "Emails deleted": 4
    },
    {
        "Logins": 5,
        "Time online": 137.03,
        "Emails sent": 10,
        "Emails opened": 9,
        "Emails deleted": 7
    },
    {
        "Logins": 4,
        "Time online": 147.51,
        "Emails sent": 11,
        "Emails opened": 19,
        "Emails deleted": 4
    },
    {
        "Logins": 3,
        "Time online": 152.51,
        "Emails sent": 2,
        "Emails opened": 10,
        "Emails deleted": 5
    },
    {
        "Logins": 5,
        "Time online": 147.86,
        "Emails sent": 15,
        "Emails opened": 7,
        "Emails deleted": 7
    },
    {
        "Logins": 4,
        "Time online": 170.15,
        "Emails sent": 12,
        "Emails opened": 6,
        "Emails deleted": 7
    },
    {
        "Logins": 4,
        "Time online": 173.22,
        "Emails sent": 11,
        "Emails opened": 8,
        "Emails deleted": 7
    },
    {
        "Logins": 5,
        "Time online": 140.93,
        "Emails sent": 6,
        "Emails opened": 9,
        "Emails deleted": 3
    },
    {
        "Logins": 7,
        "Time online": 185.25,
        "Emails sent": 14,
        "Emails opened": 10,
        "Emails deleted": 3
    },
    {
        "Logins": 7,
        "Time online": 171.8,
        "Emails sent": 8,
        "Emails opened": 5,
        "Emails deleted": 11
    },
    {
        "Logins": 4,
        "Time online": 159.5,
        "Emails sent": 0.0,
        "Emails opened": 11,
        "Emails deleted": 8
    },
    {
        "Logins": 9,
        "Time online": 125.17,
        "Emails sent": 10,
        "Emails opened": 12,
        "Emails deleted": 4
    },
    {
        "Logins": 2,
        "Time online": 176.13,
        "Emails sent": 4,
        "Emails opened": 16,
        "Emails deleted": 7
    },
    {
        "Logins": 0.0,
        "Time online": 142.71,
        "Emails sent": 10,
        "Emails opened": 15,
        "Emails deleted": 3
    },
    {
        "Logins": 4,
        "Time online": 120.71,
        "Emails sent": 8,
        "Emails opened": 17,
        "Emails deleted": 1
    },
    {
        "Logins": 5,
        "Time online": 210.15,
        "Emails sent": 14,
        "Emails opened": 21,
        "Emails deleted": 8
    },
    {
        "Logins": 6,
        "Time online": 145.93,
        "Emails sent": 5,
        "Emails opened": 6,
        "Emails deleted": 5
    },
    {
        "Logins": 5,
        "Time online": 170.42,
        "Emails sent": 14,
        "Emails opened": 11,
        "Emails deleted": 4
    },
    {
        "Logins": 1,
        "Time online": 162.54,
        "Emails sent": 4,
        "Emails opened": 14,
        "Emails deleted": 1
    },
    {
        "Logins": 3,
        "Time online": 153.09,
        "Emails sent": 13,
        "Emails opened": 7,
        "Emails deleted": 2
    },
    {
        "Logins": 8,
        "Time online": 169.12,
        "Emails sent": 14,
        "Emails opened": 22,
        "Emails deleted": 6
    },
    {
        "Logins": 2,
        "Time online": 118.79,
        "Emails sent": 9,
        "Emails opened": 12,
        "Emails deleted": 9
    },
    {
        "Logins": 6,
        "Time online": 182.63,
        "Emails sent": 13,
        "Emails opened": 15,
        "Emails deleted": 8
    }
]